{
  "log_scale": {
    "rmse": 0.09846720625703277,
    "r2": 0.9577096104621887,
    "mae": 0.0730828046798706,
    "spearman": 0.9723880444629716
  },
  "original_scale": {
    "rmse": 17.605210902676923,
    "r2": 0.9420233368873596,
    "mae": 13.301017761230469,
    "spearman": 0.9723880444629716,
    "mean_true": 191.22723388671875,
    "mean_pred": 189.83560180664062,
    "std_true": 73.11637878417969,
    "std_pred": 67.80021667480469,
    "min_true": 5.198591232299805,
    "max_true": 460.72662353515625,
    "min_pred": 12.651711463928223,
    "max_pred": 361.493408203125,
    "site_0_rmse": 19.664525750651777,
    "site_0_r2": 0.8789957165718079,
    "site_0_mae": 15.886856079101562,
    "site_0_mean_true": 214.801025390625,
    "site_1_rmse": 8.63100500732814,
    "site_1_r2": 0.9067649841308594,
    "site_1_mae": 6.522812366485596,
    "site_1_mean_true": 93.84212493896484,
    "site_2_rmse": 12.429723100593266,
    "site_2_r2": 0.8828809261322021,
    "site_2_mae": 9.916319847106934,
    "site_2_mean_true": 165.18223571777344,
    "site_3_rmse": 18.12529044083027,
    "site_3_r2": 0.8973943591117859,
    "site_3_mae": 14.114567756652832,
    "site_3_mean_true": 276.084228515625,
    "site_4_rmse": 46.15694555586272,
    "site_4_r2": 0.5841686725616455,
    "site_4_mae": 36.87147903442383,
    "site_4_mean_true": 328.5018005371094
  },
  "transform_type": "log"
}