{
  "timestamp": "20250530_162002",
  "chip_size": 24,
  "overlap": 0.1,
  "use_log_transform": true,
  "site_counts": [
    421,
    132,
    156,
    63,
    12
  ],
  "site_names": [
    "Yellapur",
    "Betul",
    "Achanakmar",
    "Khaoyai",
    "Uppangala"
  ],
  "train_sites": [
    "Yellapur",
    "Betul",
    "Khaoyai",
    "Uppangala"
  ],
  "val_sites": [
    "Yellapur",
    "Betul",
    "Khaoyai",
    "Uppangala"
  ],
  "test_sites": [
    "Achanakmar"
  ],
  "spatial_autocorr": {
    "0": {
      "correlation": 0.06173680797255426,
      "pvalue": 7.334089670711988e-149
    },
    "1": {
      "correlation": 0.15271765982013513,
      "pvalue": 9.916800903347418e-91
    },
    "2": {
      "correlation": 0.16700497737601144,
      "pvalue": 9.438310310669314e-151
    },
    "3": {
      "correlation": -0.10583785796639834,
      "pvalue": 3.330392117767364e-11
    },
    "4": {
      "correlation": 0.2679655021767098,
      "pvalue": 0.0018936552198718344
    }
  }
}